{
  "$schema": "./node_modules/@angular/cli/lib/config/schema.json",
  "project": {
    "name": "storeapp",
    "ejected": false
  },
  "apps": [
    {
      "root": "src",
      "outDir": "dist",
      "assets": [
        "assets",
        "favicon.ico"
      ],
      "index": "index.html",
      "main": "main.ts",
      "polyfills": "polyfills.ts",
      "test": "test.ts",
      "tsconfig": "tsconfig.app.json",
      "testTsconfig": "tsconfig.spec.json",
      "prefix": "app",
      "styles": [       
        "./assets/css/jquery-ui.css" ,
        "../node_modules/bootstrap/dist/css/bootstrap.css",
        "../node_modules/font-awesome/css/font-awesome.css",        
        "../node_modules/angular2-busy/build/style/busy.css",  
        "../node_modules/ng-pick-datetime/assets/style/picker.min.css",
        "assets/css/select_option1.css",
        "assets/css/settings.css",
        "assets/css/owl.carousel.css",
        "styles.css",
        "assets/css/defualt.css",   
        "assets/css/optionswitch.css" 
      ],
      "scripts": [                                
        "assets/js/jquery-ui.js",                
        "../node_modules/bootstrap/dist/js/bootstrap.js",        
        "assets/js/jquery.themepunch.tools.js",
        "assets/js/jquery.themepunch.revolution.js",  
        "assets/js/owl.carousel.js"      ,
        "assets/js/selectBox.js",
        "assets/js/jquery.syotimer.js",
        "assets/js/optionswitcher.js",
        "assets/js/custom.js"
      ],
      "environmentSource": "environments/environment.ts",
      "environments": {
        "dev": "environments/environment.ts",
        "prod": "environments/environment.prod.ts"
      }
    }
  ],
  "e2e": {
    "protractor": {
      "config": "./protractor.conf.js"
    }
  },
  "lint": [
    {
      "project": "src/tsconfig.app.json",
      "exclude": "**/node_modules/**"
    },
    {
      "project": "src/tsconfig.spec.json",
      "exclude": "**/node_modules/**"
    },
    {
      "project": "e2e/tsconfig.e2e.json",
      "exclude": "**/node_modules/**"
    }
  ],
  "test": {
    "karma": {
      "config": "./karma.conf.js"
    }
  },
  "defaults": {
    "styleExt": "css",
    "component": {
    }
  }
}
